model_name,run_path,checkpoint,num_params,mean_loglik,std_loglik,mean_gt_loglik,std_gt_loglik
Standard TNP,nl442-university-of-cambridge/random-reversal-priming_v5_causal/rbeu9bgd,model-rbeu9bgd:v47,1058818,-0.14633159339427948,0.005241491366177797,0.4595383405685425,0.004006889183074236
Standard TNP (attempt 2),nl442-university-of-cambridge/random-reversal-priming_v5_causal/hs5lj6sd,model-hs5lj6sd:v43,1058818,-0.13180305063724518,0.00572162726894021,0.4595383405685425,0.004006889183074236
TNP-L (MHSA & MHCA),nl442-university-of-cambridge/random-reversal-priming_v5_causal/5k40nfqi,model-5k40nfqi:v45,1058818,-0.1848144829273224,0.005333506036549807,0.4595383405685425,0.004006889183074236
TNP-L (MHSA only),nl442-university-of-cambridge/random-reversal-priming_v5_causal/oqe7utsy,model-oqe7utsy:v46,1058818,-0.05111885815858841,0.00523344473913312,0.4595383405685425,0.004006889183074236
TNP-M (Mamba encoder),nl442-university-of-cambridge/random-reversal-priming_v5_causal/947ytfkb,model-947ytfkb:v49,1660418,0.1450493335723877,0.005238573998212814,0.4595383405685425,0.004006889183074236
MNP-D (Sequential Mamba),nl442-university-of-cambridge/random-reversal-priming_v5_causal/oln4ivyk,model-oln4ivyk:v37,1164418,0.015560912899672985,0.005368989892303944,0.4595383405685425,0.004006889183074236
MNP-ND (target context concat),nl442-university-of-cambridge/random-reversal-priming_v5_causal/hmkbcacp,model-hmkbcacp:v48,1164418,0.047871846705675125,0.005184156354516745,0.4595383405685425,0.004006889183074236
