model_name,run_path,checkpoint,num_params,mean_loglik,std_loglik,mean_gt_loglik,std_gt_loglik
Standard TNP,nl442-university-of-cambridge/fixed-reversal-interpolation-causal/dhk2tws3,model-dhk2tws3:v34,1058818,-0.30445975065231323,0.006207232363522053,-0.00797940231859684,0.006290321238338947
TNP-L (MHSA & MHCA),nl442-university-of-cambridge/fixed-reversal-interpolation-causal/ua50fhlv,model-ua50fhlv:v49,1058818,-0.3263935148715973,0.006034447345882654,-0.00797940231859684,0.006290321238338947
TNP-L (MHSA only),nl442-university-of-cambridge/fixed-reversal-interpolation-causal/p10a8r77,model-p10a8r77:v50,1058818,-0.2795962989330292,0.006311169825494289,-0.00797940231859684,0.006290321238338947
TNP-M (Mamba encoder),nl442-university-of-cambridge/fixed-reversal-interpolation-causal/7zic1oxd,model-7zic1oxd:v23,1660418,-0.25630736351013184,0.006213197018951178,-0.00797940231859684,0.006290321238338947
MNP-D (Sequential Mamba),nl442-university-of-cambridge/fixed-reversal-interpolation-causal/faqs7slh,model-faqs7slh:v49,1164418,-0.28255200386047363,0.006107238586992025,-0.00797940231859684,0.006290321238338947
MNP-ND (target context concat),nl442-university-of-cambridge/fixed-reversal-interpolation-causal/zjv5yymr,model-zjv5yymr:v49,1164418,-0.3290684223175049,0.006036962382495403,-0.00797940231859684,0.006290321238338947
MNP-ND (improper xt sorting),nl442-university-of-cambridge/fixed-reversal-interpolation-causal/0admhzbd,model-0admhzbd:v43,1164418,-0.3206215500831604,0.006145981606096029,-0.00797940231859684,0.006290321238338947
