model_name,run_path,checkpoint,num_params,mean_loglik,std_loglik,mean_gt_loglik,std_gt_loglik
Standard TNP,nl442-university-of-cambridge/fixed-reversal-exact-causal/hbslmxul,model-hbslmxul:v49,1058818,2.761277675628662,0.0076963030733168125,1.013590931892395,0.0003095102438237518
TNP-L (MHSA & MHCA),nl442-university-of-cambridge/fixed-reversal-exact-causal/1c7fejit,model-1c7fejit:v36,1058818,2.3010101318359375,0.014371749944984913,1.013590931892395,0.0003095102438237518
TNP-L (MHSA only),nl442-university-of-cambridge/fixed-reversal-exact-causal/gdrumlrx,model-gdrumlrx:v17,1058818,2.9188339710235596,0.004616850987076759,1.013590931892395,0.0003095102438237518
TNP-M (Mamba encoder),nl442-university-of-cambridge/fixed-reversal-exact-causal/4tdy03w0,model-4tdy03w0:v44,1660418,2.925297260284424,0.4430921971797943,1.013590931892395,0.0003095102438237518
MNP-D (Sequential Mamba),nl442-university-of-cambridge/fixed-reversal-exact-causal/fv041bbz,model-fv041bbz:v43,1164418,2.75858998298645,0.004369908943772316,1.013590931892395,0.0003095102438237518
MNP-ND (target context concat),nl442-university-of-cambridge/fixed-reversal-exact-causal/5ta6eqbm,model-5ta6eqbm:v48,1164418,3.779139757156372,0.002815443789586425,1.013590931892395,0.0003095102438237518
