run_path,checkpoint,num_params,mean_loglik,std_loglik,mean_gt_loglik,std_gt_loglik
nl442-university-of-cambridge/fixed-reversal-exact-500-epochs/mpg0zi20,model-mpg0zi20:v50,1660418,2.7410941123962402,0.019435390830039978,1.0125675201416016,0.0013772478559985757
nl442-university-of-cambridge/fixed-reversal-exact-500-epochs/z5nv20b7,model-z5nv20b7:v50,1058818,2.493184804916382,0.017700981348752975,1.0125675201416016,0.0013772478559985757
nl442-university-of-cambridge/fixed-reversal-exact-500-epochs/pqvc3zid,model-pqvc3zid:v50,1058818,2.3426198959350586,0.02734254114329815,1.0125675201416016,0.0013772478559985757
nl442-university-of-cambridge/fixed-reversal-exact-500-epochs/le6zqxlc,model-le6zqxlc:v50,1058818,1.7358980178833008,0.012909932993352413,1.0125675201416016,0.0013772478559985757
