run_path,checkpoint,num_params,mean_loglik,std_loglik,mean_gt_loglik,std_gt_loglik
nl442-university-of-cambridge/random-reversal-with-priming_v5/n7px0gdu,model-n7px0gdu:v50,1660418,0.1551177054643631,0.018325423821806908,0.4387025237083435,0.017693819478154182
nl442-university-of-cambridge/random-reversal-with-priming_v5/d4120488,model-d4120488:v50,1058818,0.16255131363868713,0.01806528866291046,0.4387025237083435,0.017693819478154182
nl442-university-of-cambridge/random-reversal-with-priming_v5/cx0klhak,model-cx0klhak:v50,1058818,0.07382441312074661,0.019160497933626175,0.4387025237083435,0.017693819478154182
nl442-university-of-cambridge/random-reversal-with-priming_v5/4c5r3ixd,model-4c5r3ixd:v50,1058818,0.07769081741571426,0.019139256328344345,0.4387025237083435,0.017693819478154182
